{
  "model": "internvl3-1b",
  "threshold": 0.95,
  "noise": 0.01,
  "baseline_cold_ms": 1036.457513665179,
  "baseline_warm_ms": 1048.653274332537,
  "similarity_cold_ms": 774.7005693333145,
  "similarity_warm_ms": 635.35057291665,
  "speedup_warm": 1.6505112595060287,
  "savings_pct": 39.41271262219176
}