{
  "qwen2.5-vl-3b": {
    "accuracy": 0.6841817186644773,
    "f1": 0.5038826574633304,
    "yes_rate": 0.2988505747126437,
    "recall": 0.4763458401305057,
    "specificity": 0.7907742998352554,
    "avg_latency_ms": 375.1676448544078,
    "n_samples": 1827
  },
  "qwen2.5-vl-7b": {
    "accuracy": 0.7011494252873564,
    "f1": 0.3621495327102804,
    "yes_rate": 0.1330049261083744,
    "recall": 0.2528548123980424,
    "specificity": 0.9275123558484349,
    "avg_latency_ms": 586.858256515604,
    "n_samples": 1827
  },
  "qwen3-vl-2b": {
    "accuracy": 0.6759715380405036,
    "f1": 0.13702623906705538,
    "yes_rate": 0.039956212370005476,
    "recall": 0.0766721044045677,
    "specificity": 0.9785831960461285,
    "avg_latency_ms": 193.43366633496902,
    "n_samples": 1827
  },
  "qwen3-vl-4b": {
    "accuracy": 0.675424192665572,
    "f1": 0.48389904264577893,
    "yes_rate": 0.29337712096332785,
    "recall": 0.4535073409461664,
    "specificity": 0.7874794069192751,
    "avg_latency_ms": 304.1188518040572,
    "n_samples": 1827
  },
  "qwen3-vl-8b": {
    "accuracy": 0.6896551724137931,
    "f1": 0.39487726787620064,
    "yes_rate": 0.17733990147783252,
    "recall": 0.30179445350734097,
    "specificity": 0.8855024711696869,
    "avg_latency_ms": 449.76104588724814,
    "n_samples": 1827
  },
  "qwen3.5-0.8b": {
    "accuracy": 0.6759715380405036,
    "f1": 0.4408901251738525,
    "yes_rate": 0.451559934318555,
    "recall": 0.5171288743882545,
    "specificity": 0.5815485996705108,
    "avg_latency_ms": 117.73957390257728,
    "n_samples": 1827
  },
  "qwen3.5-2b": {
    "accuracy": 0.6732348111658456,
    "f1": 0.10762331838565024,
    "yes_rate": 0.03065134099616858,
    "recall": 0.05872756933115824,
    "specificity": 0.9835255354200988,
    "avg_latency_ms": 188.9386175571959,
    "n_samples": 1827
  },
  "qwen3.5-4b": {
    "accuracy": 0.6518883415435139,
    "f1": 0.5564853556485355,
    "yes_rate": 0.4493705528188287,
    "recall": 0.6508972267536705,
    "specificity": 0.6523887973640856,
    "avg_latency_ms": 294.66882397645657,
    "n_samples": 1827
  },
  "qwen3.5-9b": {
    "accuracy": 0.5670498084291188,
    "f1": 0.55031267765776,
    "yes_rate": 0.6272577996715928,
    "recall": 0.7895595432300163,
    "specificity": 0.4546952224052718,
    "avg_latency_ms": 452.06232401805397,
    "n_samples": 1827
  }
}