{
  "qwen2.5-vl-3b": {
    "accuracy": 0.6704980842911877,
    "f1": 0.06811145510835913,
    "recall": 0.03588907014681892,
    "specificity": 0.9909390444810544,
    "yes_rate": 0.0180623973727422,
    "avg_latency_ms": 222.1601478680918,
    "n_samples": 1827
  },
  "qwen2.5-vl-7b": {
    "accuracy": 0.6737821565407772,
    "f1": 0.09969788519637461,
    "recall": 0.053833605220228384,
    "specificity": 0.9868204283360791,
    "yes_rate": 0.02681992337164751,
    "avg_latency_ms": 307.9689221094653,
    "n_samples": 1827
  }
}